,,,,Observaciones
Provincia,Año,Gobernador,Alineamiento,
Buenos Aires,2010,SCIOLI,1,"Durante 2007–2015 el gobernador Daniel Scioli (PJ, Frente para la Victoria) integró el mismo frente nacional kirchnerista que la presidenta Cristina Fernández, por lo que estuvo alineado en 2011 (reelección de CFK) y en las legislativas intermedias de 2009 y 2013. En 2015 la fórmula presidencial ganadora fue Mauricio Macri (alianza Cambiemos), mientras Scioli se postuló por el Frente para la Victoria "
Buenos Aires,2011,SCIOLI,1,
Buenos Aires,2012,SCIOLI,1,
Buenos Aires,2013,SCIOLI,1,
Buenos Aires,2014,SCIOLI,1,
Buenos Aires,2015,SCIOLI,1,
Buenos Aires,2016,VIDAL,1,"Tras el triunfo de Macri, asumió la gobernadora María Eugenia Vidal (PRO/Cambiemos). En 2017 Vidal formó parte de Cambiemos, la misma coalición oficialista que ganó las legislativas de medio término a nivel nacional, de modo que estuvo alineada"
Buenos Aires,2017,VIDAL,1,
Buenos Aires,2018,VIDAL,1,
Buenos Aires,2019,VIDAL,1,
Buenos Aires,2020,KICILLOF,1,Desde 2019 gobierna Axel Kicillof (Frente de Todos)
Buenos Aires,2021,KICILLOF,1,
Buenos Aires,2022,KICILLOF,1,
Buenos Aires,2023,KICILLOF,1,
CABA,2010,MM,0," El jefe de gobierno Mauricio Macri (PRO) gobernó la ciudad entre 2007–2015 como figura de la oposición al kirchnerismo. En las elecciones legislativas de 2009 y 2013, y la presidencial 2011, Macri no formó parte del Frente para la Victoria sino de Propuesta Republicana/Unión PRO (opositor), por lo que CABA no estuvo alineada con el oficialismo nacional en esos años"
CABA,2011,MM,0,
CABA,2012,MM,0,
CABA,2013,MM,0,
CABA,2014,MM,0,
CABA,2015,MM,0,
CABA,2016,LARRETA,1,"En 2015, sin embargo, Macri lideró la alianza Cambiemos que ganó la Presidencia, de modo que la Ciudad de Buenos Aires se considera alineada (1) al haber compartido la misma fuerza política que la fórmula ganadora. A partir de diciembre de 2015 asume Horacio Rodríguez Larreta (PRO, Cambiemos/JxC). Durante 2017 CABA siguió alineada con la coalición de gobierno nacional (Cambiemos) que triunfó en las legislativas"
CABA,2017,LARRETA,1,
CABA,2018,LARRETA,1,
CABA,2019,LARRETA,1,
CABA,2020,LARRETA,0,"En 2019, la fórmula Fernández-Fernández del Frente de Todos derrotó a Macri, mientras Rodríguez Larreta gana la reelección y aun pertenecía a Juntos por el Cambio, por lo que en ese mandato no estuvo alineada."
CABA,2021,LARRETA,0,
CABA,2022,LARRETA,0,
CABA,2023,LARRETA,0,
Catamarca,2010,BRIZUELA,0,"En las elecciones del 11 de marzo de 2007 Brizuela -del Frente Cívico y Social- conforma una alianza con el Frente para la Victoria, partido de la presidenta Cristina Fernández de Kirchner, incluyendo como compañera de fórmula a la médica cirujana Lucía Corpacci."
Catamarca,2011,CORPACCI,1,"Brizuela no logró la reelección al obtener 45,59 % frente al 49,54 % que obtuvo la candidata del Frente para la Victoria, Lucía Corpacci, quien recibió el apoyo de la entonces presidenta Cristina Kirchner. Es Presidenta del Partido Justicialista de Catamarca y Vicepresidenta del Consejo Nacional del Partido Justicialista. Su trayectoria fue: Frente para la Victoria Frente para la Victoria (2003-2017); Unidad Ciudadana (2017-2019); Frente de Todos (2019-2023); Unión por la Patria Unión por la Patria (desde 2023).  "
Catamarca,2012,CORPACCI,1,
Catamarca,2013,CORPACCI,1,
Catamarca,2014,CORPACCI,1,
Catamarca,2015,CORPACCI,1,
Catamarca,2016,CORPACCI,0,"En 2015 se postula nuevamente como Gobernadora, y obtiene el triunfo por un margen mucho más amplio que el que la consagró en 2011, obteniendo la mayor cantidad de votos jamás reunida en Catamarca por ningún candidato. Para 2015, Corpacci apoyó la candidatura oficialista del FPV (Scioli-Zannini) que resultó derrotada; la fórmula ganadora perteneció a Cambiemos, alianza a la cual Corpacci no pertenecía, marcando 0 a partir de ese año. Durante el gobierno de Macri, Corpacci siguió en la oposición (PJ-FPV), por lo que en 2017 Catamarca no estuvo alineada con Cambiemos "
Catamarca,2017,CORPACCI,0,
Catamarca,2018,CORPACCI,0,
Catamarca,2019,CORPACCI,0,
Catamarca,2020,JALIL,1,"En 2019, la gobernadora y su frente pasaron a formar parte de la coalición Frente de Todos que llevó a Alberto Fernández a la presidencia, alineándose nuevamente la provincia. Raúl Jalil alcanzó la gobernación con el 60,4%, venciendo a la fórmula de Juntos por el Cambio, encabezada por el radical Roberto Gómez, que obtuvo el 33,5%. Muy atrás quedaron los candidatos de Consenso Federal, Hugo Ávila, y GEM, José Alberto Furque, con el 4,4% y 1,7%. En la competencia por la presidencia, Catamarca aportó su granito de arena al triunfo del Frente de Todos"
Catamarca,2021,JALIL,1,
Catamarca,2022,JALIL,1,"Incluso en 2022, Raúl Jalil formó parte de la comitiva acompañó a Alberto Fernández en Rusia y China."
Catamarca,2023,JALIL,1,"Jalil fue uno de los gobernadores que formó parte de las conversaciones del espacio político UxP para presentar una lista de unidad. ""Los gobernadores ya habíamos expresado que queríamos una lista de unidad. Finalmente, se resolvió con una decisión del Presidente, de la Vicepresidenta y del Frente Renovador. En definitiva, del espacio político. Creo que nuestro espacio político es el adecuado, y que Sergio tiene una mirada Federal para Catamarca y para el norte Argentino."" Los gobernadores también juegan en las elecciones: a quién apoya cada uno y quiénes eligieron ser neutrales - Infobae "
Chaco,2010,CAPITANICH,1," Gobernada entre 2007 y 2013 por Jorge Capitanich (PJ, Frente para la Victoria), Chaco se mantuvo firmemente alineada con el gobierno kirchnerista en las elecciones de 2009, 2011 y 2013. Capitanich incluso fue jefe de campaña del FPV y luego Jefe de Gabinete de CFK, reflejo de su alineamiento pleno.  A fines de 2013 asumió interinamente Juan Carlos Bacileff Ivanoff (PJ) cuando Capitanich fue convocado al gabinete nacional; Bacileff mantuvo la pertenencia al FPV local, por lo que Chaco continuó alineada en 2013. "
Chaco,2011,CAPITANICH,1,
Chaco,2012,CAPITANICH,1,
Chaco,2013,CAPITANICH,1,
Chaco,2014,BACILEFF,1,
Chaco,2015,BACILEFF,1,
Chaco,2016,PEPPO,0,"En 2015 el gobernador era todavía Bacileff (hasta octubre) y luego ganó Domingo Peppo (PJ-FPV) en Chaco, mientras a nivel nacional triunfó Cambiemos – un frente político distinto. Ninguno de los mandatarios chaqueños de 2015 pertenecía a Cambiemos, así que ese año la provincia no estuvo alineada con el ganador nacional (0). Como candidato de la fórmula oficial del Frente Chaco Merece Más, ganó las elecciones Primarias Abiertas Simultáneas y Obligatorias (PASO) por el 94,91%​ y superponiéndose por más de 110.000 votos sobre la lista opositora. Durante el gobierno de Macri, Peppo siguió enrolado en el peronismo federal opositor, de modo que en 2017 Chaco permaneció no alineada (0) respecto del oficialismo nacional Cambiemos https://web.archive.org/web/20150610210701/http://www.diarionorte.com/article/21992/capitanich-puso-en-funciones-a-leiva-peppo-mendoza-y-nueve-subsecretarios- "
Chaco,2017,PEPPO,0,
Chaco,2018,PEPPO,0,
Chaco,2019,PEPPO,0,
Chaco,2020,CAPITANICH,1,"En 2019 retornó Capitanich al gobierno chaqueño dentro del Frente de Todos, acompañando la candidatura presidencial de Alberto Fernández; Chaco volvió a estar alineada con la fórmula ganadora.. En las legislativas 2021, Capitanich se mantuvo en el Frente de Todos. En las elecciones del 17 de septiembre de 2023, Leandro Zdero se impuso ante el Gobernador Jorge Capitanich que fue con UxP, poniendo fín a 16 años ininterrumpidos de gobiernos peronistas, iniciado con el mismo Capitanich en 2007, cuando este derrotó a Ángel Rozas"
Chaco,2021,CAPITANICH,1,
Chaco,2022,CAPITANICH,1,
Chaco,2023,CAPITANICH,1,
Chubut,2010,DAS NEVES,0,"Das Neves rompe con el kirchnerismo y forma parte del Peronismo Federal, una línea claramente opositora a CFK. “Luego se lo llevaron a Nación y allí el presupuesto ya era de 160 millones de pesos, y me atrevo a decir que ahí fue donde empezaron los desencuentros y la desdicha con el gobierno nacional”, puntualizó. LINK
""Nadie puede negar que la Presidenta es una persona inteligente, pero tiene una sujeción a la hora de tomar decisiones que evidentemente la limita en su accionar"", criticó Das Neves a radio Mitre en alusión al desempeño político de Kirchner. LINK
En 2011 se presenta como vicepresidente de Duhalde, yendo en contra de CFK en las primarias"
Chubut,2011,DAS NEVES,0,
Chubut,2012,BUZZI,1,"Martín Buzzi anunció ahora que se plegará a la estrategia del justicialismo a nivel nacional y apoyará la candidatura presidencial de Cristina Kirchner. LINK , pero a partir de 2013 comienza a distanciarse y forma Chubut Somos Todos. No hay ruptura formal. "
Chubut,2013,BUZZI,1,
Chubut,2014,BUZZI,1,
Chubut,2015,BUZZI,1,
Chubut,2016,DAS NEVES,0,"Das Neves, ya alejado del kirchnerismo, mantiene una postura crítica frente a Macri pero no se alinea formalmente con el oficialismo."
Chubut,2017,DAS NEVES,0,
Chubut,2018,ARCIONI,0,"Arcioni inicialmente mantiene la postura ambigua de Das Neves, se presenta por separado LINK, pero en 2019 se acerca al Frente de Todos de cara a las elecciones nacionales. Fue incluido en la lista de gobernadores que apoyaron a AF LINK"
Chubut,2019,ARCIONI,0,
Chubut,2020,ARCIONI,1,"Con el regreso del peronismo al poder, Arcioni formaliza su alineamiento con el Frente de Todos"
Chubut,2021,ARCIONI,1,
Chubut,2022,ARCIONI,1,
Chubut,2023,ARCIONI,1,
Córdoba,2010,SCHIARETTI,0,"Schiaretti mantiene una postura crítica hacia el kirchnerismo, aunque sin romper del todo. Sin embargo, en las elecciones presidenciales de 2011, Unión por Córdoba no apoya formalmente a CFK. Se la considera unaliggned LINK"
Córdoba,2011,SCHIARETTI,0,
Córdoba,2012,DE LA SOTA,0,"Tanto en 2009 como 2011 y 2013, Córdoba no estuvo alineada con el Frente para la Victoria dominante a nivel federal"
Córdoba,2013,DE LA SOTA,0,
Córdoba,2014,DE LA SOTA,0,
Córdoba,2015,DE LA SOTA,0,"En 2015 el entonces gobernador José Manuel de la Sota (PJ no K) fue precandidato presidencial opositor, y Schiaretti –que ganó ese año la gobernación– llevó boleta corta sin apoyar abiertamente ni a Scioli (FPV) ni a Macri (Cambiemos) LINK"
Córdoba,2016,SCHIARETTI,0,
Córdoba,2017,SCHIARETTI,0,"Durante el mandato de Macri, Schiaretti mantuvo su neutralidad: en 2017 presentó lista propia separada de Cambiemos y del kirchnerismo, por lo que la provincia siguió sin alinearse con el oficialismo nacional (0). En 2019 repitió la estrategia de “no apoyar a ningún candidato” presidencial. El PJ cordobés fue solo con lista de diputados (“Hacemos por Córdoba”) – permaneciendo fuera tanto del Frente de Todos como de Juntos por el Cambio.LINK"
Córdoba,2018,SCHIARETTI,0,
Córdoba,2019,SCHIARETTI,0,
Córdoba,2020,SCHIARETTI,0,"En 2021 Córdoba continuó gobernada por Schiaretti, quien tampoco se sumó a Juntos por el Cambio (ni al Frente de Todos), reafirmando su postura independiente. Schiaretti mantiene una postura independiente del peronismo nacional, diferenciándose tanto del macrismo como del kirchnerismo. No se alinea formalmente con ninguno de los gobiernos nacionales "
Córdoba,2021,SCHIARETTI,0,
Córdoba,2022,SCHIARETTI,0,
Córdoba,2023,SCHIARETTI,0,
Corrientes,2010,COLOMBI,0,"En 2007 Corrientes estuvo gobernada por Arturo Colombi (UCR) dentro de un frente provincial aliado al kirchnerismo, por lo que se la contó alineada con el FPV ese año. A fines de 2009 asumió Ricardo Colombi (también UCR pero opositor a la Casa Rosada), marcando un realineamiento. Desde entonces, Corrientes aparece como no alineada en 2009, 2011 y 2013, dado que su gobierno radical se posicionó contra el FPV nacional (ej.: en 2011 Ricardo Colombi apoyó a Ricardo Alfonsín y no a Cristina Kirchner) LINK"
Corrientes,2011,COLOMBI,0,
Corrientes,2012,COLOMBI,0,
Corrientes,2013,COLOMBI,0,
Corrientes,2014,COLOMBI,0,
Corrientes,2015,COLOMBI,0,
Corrientes,2016,COLOMBI,1,"En 2015, Corrientes sí se alineó con el espacio ganador: Ricardo Colombi integró formalmente la alianza Cambiemos (la UCR fue pilar de esa coalición) que llevó a Macri a la presidenci"
Corrientes,2017,COLOMBI,1,"En 2017, bajo el mismo signo político (gobierno de ECO+Cambiemos), Corrientes volvió a estar alineada con la coalición nacional de Macri que venció en las legislativas"
Corrientes,2018,VALDÉS,1,
Corrientes,2019,VALDÉS,1,"En 2019, la provincia –ya con Gustavo Valdés (UCR-Juntos por el Cambio) como gobernador– apoyó la fallida reelección de Macri. Al triunfar el Frente de Todos a nivel nacional, Corrientes quedó en la vereda opuesta del gobierno entrante (valor 0 en 2019). En 2021, también apoyó a JxC LINK"
Corrientes,2020,VALDÉS,0,
Corrientes,2021,VALDÉS,0,
Corrientes,2022,VALDÉS,0,
Corrientes,2023,VALDÉS,0,
Entre Ríos,2010,URRIBARRI,1,"El gobernador Sergio Urribarri (PJ-FpV) fue un firme aliado de Cristina Kirchner; la provincia aparece alineada en 2009, 2011 y 2013 LINK. Urribarri incluso presidió la Liga de Gobernadores oficialistas y promovió activamente la reelección de CFK"
Entre Ríos,2011,URRIBARRI,1,
Entre Ríos,2012,URRIBARRI,1,
Entre Ríos,2013,URRIBARRI,1,
Entre Ríos,2014,URRIBARRI,1,
Entre Ríos,2015,URRIBARRI,1,
Entre Ríos,2016,BORDET,0,"En 2015, Urribarri apoyó la fórmula Scioli-Zannini (FpV) y finalizó su mandato en diciembre, asumiendo Gustavo Bordet (PJ) ese mismo año. La victoria nacional correspondió a Cambiemos, por lo que Entre Ríos no estuvo alineada en 2015. Durante el ciclo de Macri, Bordet mantuvo una posición peronista moderada, sin integrarse a Cambiemos. Así, en 2017 Entre Ríos siguió en la oposición a la alianza gobernante"
Entre Ríos,2017,BORDET,0,
Entre Ríos,2018,BORDET,0,
Entre Ríos,2019,BORDET,0,
Entre Ríos,2020,BORDET,1,"Ya para 2019, Bordet pactó la unidad con el kirchnerismo en su provincia – fue reelecto con boleta del Frente de Todos – y brindó pleno respaldo a Alberto Fernández. En 2021, Bordet continuó enrolado en el Frente de Todos."
Entre Ríos,2021,BORDET,1,
Entre Ríos,2022,BORDET,1,
Entre Ríos,2023,BORDET,1,
Formosa,2010,INSFRÁN,1,"El formoseño Gildo Insfrán (PJ) ha sido uno de los más cercanos aliados de los Kirchner desde 2003. Consecuentemente, Formosa estuvo alineada con el Frente para la Victoria en todas las elecciones nacionales de 2007 a 2013. Insfrán apoyó la candidatura y reelección de CFK con fervor – llegó a afirmar que “el modelo de desarrollo de Formosa es el que conduce la presidenta”– reflejando dicha alineación. En 2015, Insfrán respaldó a Scioli (FpV) y resultó reelegido en la provincia; sin embargo, el triunfo de Macri colocó a Formosa en la oposición a la nueva administración, marcando 0 ese año. LINK. En 2019, en cambio, Insfrán fue uno de los primeros en impulsar la fórmula unificada del Frente de Todos y festejó el triunfo de Alberto Fernández, alineándose nuevamente Formosa con la fuerza ganadora"
Formosa,2011,INSFRÁN,1,
Formosa,2012,INSFRÁN,1,
Formosa,2013,INSFRÁN,1,
Formosa,2014,INSFRÁN,1,
Formosa,2015,INSFRÁN,1,
Formosa,2016,INSFRÁN,0,
Formosa,2017,INSFRÁN,0,
Formosa,2018,INSFRÁN,0,
Formosa,2019,INSFRÁN,0,
Formosa,2020,INSFRÁN,1,
Formosa,2021,INSFRÁN,1,
Formosa,2022,INSFRÁN,1,
Formosa,2023,INSFRÁN,1,
Jujuy,2010,BARRIONUEVO,1,"Jujuy estuvo gobernada por el PJ alineado al kirchnerismo.  El propio Fellner presidió el Congreso Nacional del PJ apoyando la reelección de Cristina Kirchner en 2011, mostrando lealtad al proyecto federal.LINK."
Jujuy,2011,BARRIONUEVO,1,
Jujuy,2012,FELLNER,1,
Jujuy,2013,FELLNER,1,
Jujuy,2014,FELLNER,1,
Jujuy,2015,FELLNER,1,
Jujuy,2016,MORALES,1,"En 2015, sin embargo, Jujuy dio un giro: aunque Fellner apoyó a Scioli (FpV), la elección provincial la ganó el opositor Gerardo Morales (UCR) y simultáneamente Mauricio Macri triunfó a nivel nacional. Tras asumir, Gerardo Morales integró Cambiemos, volviendo a alinear Jujuy con la nación durante el gobierno de Macri. En 2017 Jujuy estuvo alineada (1), ya que Morales pertenecía a la misma coalición oficialista que ganó las legislativas"
Jujuy,2017,MORALES,1,
Jujuy,2018,MORALES,1,
Jujuy,2019,MORALES,1,
Jujuy,2020,MORALES,0,"Para 2019, Morales apoyó la fallida reelección de Macri (JxC), de modo que Jujuy quedó en la oposición al Frente de Todos triunfante. para 2021. Para 2023, participaron seis frentes electorales: el oficialista Frente Cambia Jujuy (Morales), quien propone para los cargos máximos en la provincia al binomio compuesto por el ministro de Hacienda Carlos Sadir y Alberto Bernis, presidente del bloque de la UCR en la Legislatura provincial. Iban a nivel nacional con JxC, por lo que no se alinearon. La principal oposición iba dividida, dado que el peronismo no alcanzó la unidad. El Frente Justicialista propone para la gobernación a Rubén Rivarola, presidente del PJ Jujuy y presidente del bloque de diputados del PJ, acompañado por la diputada nacional del Frente de Todos Carolina Moisés como vicegobernadora."
Jujuy,2021,MORALES,0,
Jujuy,2022,MORALES,0,
Jujuy,2023,MORALES,0,
La Pampa,2010,JORGE,1,"Gobernada por el peronismo (PJ) durante todo el período, La Pampa se alineó con el kirchnerismo en sus primeros años. En 2015, aunque el PJ pampeano era crítico de algunas políticas K, acompañó la candidatura de Scioli. Asumió luego Carlos Verna (PJ) a fines de 2015, quien adoptó un claro perfil anti-Macri. La Pampa no ingresó a Cambiemos ni apoyó al gobierno central, de modo que en 2017 estuvo no alineada (0). Ya en 2019, Verna y su sucesor Sergio Ziliotto sellaron la unidad con la fórmula Fernández-Fernández (Frente de Todos). Verna incluso estuvo entre los 15 mandatarios que explícitamente respaldaron a Alberto F. en campaña"
La Pampa,2011,JORGE,1,
La Pampa,2012,JORGE,1,
La Pampa,2013,JORGE,1,
La Pampa,2014,JORGE,1,
La Pampa,2015,JORGE,1,
La Pampa,2016,VERNA,0,
La Pampa,2017,VERNA,0,
La Pampa,2018,VERNA,0,
La Pampa,2019,VERNA,0,
La Pampa,2020,ZILIOTTO,1,
La Pampa,2021,ZILIOTTO,1,
La Pampa,2022,ZILIOTTO,1,
La Pampa,2023,ZILIOTTO,1,
La Rioja,2010,BEDER HERRERA,1,"La Rioja, tradicionalmente peronista, permaneció alineada con los gobiernos kirchneristas entre 2007–2013. El entonces gobernador Luis Beder Herrera (PJ) apoyó a CFK. Beder Herrera incluso integró la mesa de gobernadores que pidieron la re-reelección de Cristina en 2013, evidenciando su alineamiento. "
La Rioja,2011,BEDER HERRERA,1,
La Rioja,2012,BEDER HERRERA,1,
La Rioja,2013,BEDER HERRERA,1,
La Rioja,2014,BEDER HERRERA,1,
La Rioja,2015,BEDER HERRERA,1,
La Rioja,2016,CASAS,0,"En 2015, La Rioja (con Beder Herrera saliente y Sergio Casas ingresando, ambos PJ-FPV) respaldó a Scioli; al ganar Macri, la provincia quedó fuera de la alianza vencedor. Casas sigue perteneciendo al peronismo, pero durante el mandato de Macri asume una postura más ambigua. Sin embargo, nunca se alinea formalmente con Cambiemos y mantiene un perfil cercano al kirchnerismo. "
La Rioja,2017,CASAS,0,
La Rioja,2018,CASAS,0,
La Rioja,2019,CASAS,0,
La Rioja,2020,QUINTELA,1,"De cara a 2019, el peronismo riojano se unió al Frente de Todos: tanto Casas (que fue candidato a diputado) como el nuevo gobernador Ricardo Quintela militaron la fórmula Alberto F.–Cristina K. Con la llegada del Frente de Todos al poder nacional, Quintela reafirma su alineamiento formal con el peronismo/kirchnerismo, consolidando el vínculo con Alberto Fernández. "
La Rioja,2021,QUINTELA,1,
La Rioja,2022,QUINTELA,1,
La Rioja,2023,QUINTELA,1,
Mendoza,2010,JAQUE,1, Hasta 2015 Mendoza fue gobernada por el PJ en alianza con el kirchnerismo. Jaque y Pérez mantienen un alineamiento formal con el kirchnerismo
Mendoza,2011,JAQUE,1,
Mendoza,2012,PÉREZ,1,
Mendoza,2013,PÉREZ,1,
Mendoza,2014,PÉREZ,1,
Mendoza,2015,PÉREZ,1,
Mendoza,2016,CORNEJO,1," En 2015, sin embargo, hubo un cambio: el candidato de Cambiemos, Alfredo Cornejo (UCR), ganó la gobernación mendocina, y la fórmula de Macri (Cambiemos) ganó la presidencia. Luego, con Cornejo asumiendo en diciembre, Mendoza pasó a formar parte plena de la alianza Cambiemos. En 2017 Mendoza estuvo alineada con la coalición de Macri que triunfó legislativamente"
Mendoza,2017,CORNEJO,1,
Mendoza,2018,CORNEJO,1,
Mendoza,2019,CORNEJO,1,
Mendoza,2020,SUÁREZ,0,"En 2019 gobernaba Rodolfo Suárez (UCR-Juntos por el Cambio); al imponerse a nivel nacional la oposición peronista, Mendoza quedó en el lado opuesto al nuevo oficialismo."
Mendoza,2021,SUÁREZ,0,
Mendoza,2022,SUÁREZ,0,
Mendoza,2023,SUÁREZ,0,
Misiones,2010,CLOSS,1,"Entre 2003 y 2015 Misiones fue gobernada por el Frente Renovador de la Concordia (partido provincial) aliado al kirchnerismo. El gobernador Maurice Closs (Frente Renovador de Misiones, de orientación peronista) formó parte del Frente para la Victoria en las elecciones 2009, 2011 y 2013, estando alineada la provincia en esos años Por única vez hasta el momento, el partido se alió con el Frente para la Victoria. La lista de Hugo Passalacqua como gobernador y Oscar Herrera-Ahuad como vicegobernador, apoyando a Daniel Scioli como presidente, se impuso con el 64% de los votos sobre el 13,5% del Frente Vamos Juntos de Alex Ziegler que apoyó a Mauricio Macri. El partido apoyó desde su creación a la gestión peronista del expresidente Néstor Kirchner y luego a la de su esposa, Cristina Fernández, ambos del Frente para la Victoria. Sin embargo el apoyo no fue pleno y el partido siempre conservó cierta independencia. De hecho el FpV le disputó la gobernación de la provincia en 2003, 2007 y 2011 y presentó listas aparte en las elecciones legislativas nacionales, excepto en 2015, donde ambos partidos llegaron a un acuerdo."
Misiones,2011,CLOSS,1,
Misiones,2012,CLOSS,1,
Misiones,2013,CLOSS,1,
Misiones,2014,CLOSS,1,
Misiones,2015,CLOSS,1,
Misiones,2016,PASSALACQUA,0," En 2015, Closs apoyó a Scioli (FpV) y dejó el cargo en diciembre; ganó Hugo Passalacqua del mismo frente provincial. La fórmula nacional triunfante fue Cambiemos, a la cual el partido misionero no pertenecía (ellos presentaron lista corta de diputados). Durante el gobierno de Macri, Misiones mantuvo su autonomía: en 2017 compitió con lista propia distinta de Cambiemos y del PJ nacional, permaneciendo fuera de alineación con la coalición gobernante. Para la elección 2019, el líder misionero Carlos Rovira y Passalacqua optaron nuevamente por una “boleta corta” sin candidato presidencial, aunque mostraron afinidad con Alberto Fernández (en la reunión de gobernadores del 3 de julio de 2019 un emisario de Misiones participó y luego Passalacqua se sumó al respaldo a Fernández). No obstante, formalmente el Frente Renovador de la Concordia no integró la alianza Frente de Todos – tuvo su propio bloque parlamentario. En las PASO nacionales de 2019, el partido perdió una elección por primera vez, la de diputados nacionales por la provincia de Misiones, ante la boleta del Frente de Todos encabezada por María Cristina Brítez. Durante la gestión de Mauricio Macri como Presidente de la Nación, el FRCS empezó a mostrarse aún más neutral, y en las elecciones presidenciales de 2019 no tomó posición, en lo que parece ser una estrategia independentista del partido luego de los buenos resultados en las urnas, para conservar el poder más allá de lo que suceda con los vaivenes de la política nacional. La palabra ""misionerismo"" venía siendo usada por el partido desde hace varios años, pero desde que el mismo adquirió esta versión más aislada de lo nacional, la palabra toma una connotación más profunda:

"
Misiones,2017,PASSALACQUA,0,
Misiones,2018,PASSALACQUA,0,
Misiones,2019,PASSALACQUA,0,
Misiones,2020,HERREA AHUAD,0,"2021: En Misiones, en tanto, el oficialismo irá separado del kirchnerismo. Además el PJ, que antes integraba el Frente de Todos, irá con el oficialista Frente Renovador de la Concordia. LINK. En 2023, Misiones fue una de las provincias que definió desdoblar sus comicios locales de los nacionales. Estos tuvieron lugar el 7 de mayo, cuando Hugo Passalacqua, candidato del Frente Renovador de la Concordia, obtuvo el 64.21% de los votos y se transformó nuevamente en gobernador de la provincia, que también renovó 20 diputados provinciales titulares, 7 diputados provinciales suplentes, y también se renovarán autoridades municipales LINK"
Misiones,2021,HERREA AHUAD,0,
Misiones,2022,HERREA AHUAD,0,
Misiones,2023,HERREA AHUAD,0,
Neuquén,2010,SAPAG,0,"El MPN ha mantenido históricamente una posición autónoma, sin alinearse formalmente con los gobiernos nacionales, aunque negocia acuerdos puntuales. El bloque del MPN respaldó proyectos relacionados con la expansión de YPF y acuerdos para el desarrollo de Vaca Muerta. Durante los gobiernos kirchneristas, Sapag mantiene una relación pragmática sin alineación formal. Algunos autores lo señalan como alineado, sin embargo, a los fines de esta clasificación, no lo consideraremos así."
Neuquén,2011,SAPAG,0,
Neuquén,2012,SAPAG,0,
Neuquén,2013,SAPAG,0," A pesar de que durante los gobiernos kirchneristas el MPN había colaborado puntualmente con el oficialismo en el Congreso, el respaldo de Sapag a Pereyra en las legislativas –un crítico abierto de Cristina Kirchner y aliado de Hugo Moyano– muestra un claro distanciamiento de la estrategia del FPV. En lugar de apoyar a los candidatos kirchneristas, Sapag opta por sostener a un dirigente que se comprometió a no votar proyectos del oficialismo, rompiendo la aparente alineación que el gobierno nacional esperaba mantener en el Senado. Sapag pacta con Pereyra para preservar la unidad del MPN y evitar mayores tensiones internas tras una interna partidaria conflictiva. Además, obtiene del sindicalista la promesa de no obstaculizar el acuerdo entre YPF y Chevron, un tema prioritario para el gobierno provincial. De esta forma, Sapag preserva los intereses del MPN y su propio capital político, sacrificando su relación con el FPV."
Neuquén,2014,SAPAG,0,"En 2014, el gobernador de Neuquén, Jorge Sapag, licitó dos áreas del megayacimiento de Vaca Muerta mientras Cristina Kirchner lo castigaba en el acto por el aniversario de la Bolsa. Cristina estaba decidida a ir a fondo contra los gobernadores que le traban la nueva Ley de Hidrocarburos. Primero fue el intento de asfixiarlos económicamente sin la refinanciación de las deudas y después la brutal embestida contra Martín Buzzi. Luego, los cañones apuntaron a Sapag, el principal opositor a la avanzada contra las provincias. Sin embargo, la relación se dobló pero no se rompió. Sapag inicialmente tomó una postura distante respecto al gobierno nacional en el contexto de las negociaciones por la Ley de Hidrocarburos, utilizando el conflicto para consolidar su liderazgo interno en el MPN. Sin embargo, tras asegurar su control interno, Sapag regresó al “diálogo y consenso” con el gobierno de Cristina Kirchner, priorizando el acuerdo petrolero YPF-Chevron y garantizando su implementación tanto a nivel provincial como nacional. Utiliza su autonomía para negociar en función de los intereses provinciales, demostrando una alineación circunstancial y no estructural."
Neuquén,2015,SAPAG,0,
Neuquén,2016,GUTIÉRREZ,0,"Durante el período macrista, Omar Gutiérrez mantuvo a Neuquén fuera de Cambiemos (aunque colaboró en algunos temas como Vaca Muerta). En 2017 el MPN compitió solo en las legislativas, quedando nuevamente al margen del alineamiento con Cambiemos. "
Neuquén,2017,GUTIÉRREZ,0,
Neuquén,2018,GUTIÉRREZ,0,
Neuquén,2019,GUTIÉRREZ,0,"En 2019, Gutiérrez proclamó su neutralidad (“no apoyar a ningún candidato” nacional); el MPN no se sumó ni al Frente de Todos ni a Juntos por el Cambio, por lo que, aunque Alberto Fernández ganó, Neuquén no puede considerarse alineada con el Frente de Todos en sentido estricto. "
Neuquén,2020,GUTIÉRREZ,0,
Neuquén,2021,GUTIÉRREZ,0,"En 2021, Neuquén siguió gobernada por el MPN y dicha fuerza concurrió separada. En 2023, se postuló el vicegobernador de Neuquén, Marcos Koopmann, en una alianza con Energía Ciudadana, UPF, Unión de los Neuquinos, Partido Vecinal Renovador, MIF, Frente Nuevo Neuquén, Juntos por la Vida, Frente Integrador Neuquino y Iguales. Perdió ante el candidato de Coalición, una alianza con el PRO y la UCR. "
Neuquén,2022,GUTIÉRREZ,0,
Neuquén,2023,GUTIÉRREZ,0,
Río Negro,2010,SAIZ,1,"Saiz fue parte del grupo de Radicales K que formaron la Concertación Plural, la cual apoyó el gobierno de Néstor Kirchner y la candidatura de Cristina Fernández de Kirchner"
Río Negro,2011,SAIZ,1,
Río Negro,2012,WERETILNECK,1,"A fines de 2011 asumió Carlos Soria (PJ-FPV) pero falleció al mes, siendo sucedido por Alberto Weretilneck, un peronista local. Inicialmente Weretilneck también respaldó a Cristina F. de Kirchner, manteniendo a Río Negro alineada en 2013 con el oficialismo nacional. Weretilneck continuó la relación que su antecesor tenía con el kirchnerismo, que el tiempo fue desgastando. Se presentaron solos. En 2013 y a pesar de los conflictos internos el gobierno rionegrino mostró unidad de cara a las elecciones a diputados y senadores nacionales de aquel año, Weretileck apoyó la fórmula encabezada por María Emilia Soria para Diputados y Miguel Pichetto para el Senado. En el congreso, en los años kirchneristas (2012-2015), vota a favor de proyectos energéticos y recursos provinciales, pero manteniendo independencia. Durante el macrismo, Weretilneck mantiene la postura provincialista, negociando puntualmente acuerdos pero sin alinearse a Cambiemos. "
Río Negro,2013,WERETILNECK,0,
Río Negro,2014,WERETILNECK,0,"Durante el último bienio de gobierno de Cristina Fernández de Kirchner, Weretilneck se distanció cada vez más del Frente para la Victoria, manifestando acercamientos con el Frente Renovador de Sergio Massa, a quien el gobernador describió como el «futuro presidente» de Argentina.  En agosto de 2014 Weretilneck estampa su apoyo al Frente Renovador de Sergio Massa, opositor al gobierno nacional y candidato a presidente por ese espacio de cara a las elecciones de 2015.  Weretilneck acusó a la dirigencia peronista provincial de «haber hecho todo lo posible» para que él abandonara el cargo y consideró que «no había vuelta atrás» en su relación con el kirchnerismo de cara a las inminentes elecciones. LINK"
Río Negro,2015,WERETILNECK,0,"En febrero de 2015 Weretilneck formó la alianza que recibió el nombre «Juntos Somos Río Negro» para competir en las elecciones de junio de ese año a gobernador y legisladores provinciales. Esta alianza la integran además de miembros del gabinete provincial los partidos Unidos por Río Negro, Redes, Partido de la Victoria Popular y Movimiento Patagónico Popular, En mayo de 2015 se distancian del Frente Renovador y deciden competir con un sello meramente provincial."
Río Negro,2016,WERETILNECK,0,"“No es una buena manera de iniciar el vínculo Nación- Provincias”, comienza una de las declaraciones  en la que se advierte “que se vuelve a cercenar en forma unilateral los fondos coparticipables que les corresponden a las Provincias”. Y continúa: “No es la idea de federalismo que necesitamos para nuestro país y definitivamente no es la mejor manera de generar un vínculo de confianza mutua entre el Gobierno Nacional y los provinciales”. LINK"
Río Negro,2017,WERETILNECK,0,"En agosto de 2017 Juntos Somos Río Negro presentó una única lista para las primarias de las elecciones legislativas nacionales, dónde en Río Negro se elegían los candidatos para disputarse por dos cargos de diputados en la elección de octubre de ese año. La lista encabezada por Fabián Gatti logró el tercer puesto, con un 18 % de los votos, detrás del Frente para la Victoria y de Cambiemos. Esta situación llevó a que el partido optase, un mes después, por bajar la candidatura para las elecciones generales."
Río Negro,2018,WERETILNECK,0,"“Nuestra actitud no es ni de subordinación, ni de aislamiento. Estamos convencidos de que los extremos son perjudiciales”. Así se expidió el gobernador de Río Negro sobre los llamados con funcionarios de Cambiemos. Junto a un grupo reducido de mandatarios, fue catalogado como de “confianza” para el macrismo. Y de esa forma se refirió a la aplicación de políticas públicas, sobre todo de áreas sensibles. “Por más críticas que nos hacen y que nos van a seguir haciendo, seguiremos manteniendo el diálogo y respeto con el Gobierno Nacional”, repitió. LINK"
Río Negro,2019,WERETILNECK,0,9
Río Negro,2020,CARRERAS,0,"Arabela Carreras apabulló a los candidatos de Cristina y Macri y superó el 50% de los votos. La fuerza provincial ""Juntos Somos Río Negro"" se impuso ante la polarización entre el kirchnerismo y cambiemos. Arabela Carreras apabulló a los candidatos de Cristina y Macri y superó el 50% de los votos "
Río Negro,2021,CARRERAS,0,Fueron separados también en las legislativas.
Río Negro,2022,CARRERAS,0,
Río Negro,2023,CARRERAS,0,"A pesar de los acuerdos entre el Partido Justicialista y Juntos Somos Río Negro, un sector del kirchnerismo silbó y abucheó a la gobernadora. El resto de las autoridades provinciales tampoco escucharon el discurso de la Vicepresidenta. Arabela Carreras abandonó el acto de Cristina Kirchner en Río Negro - Infobae "
Salta,2010,URTUBEY,1,"En las elecciones del 28 de octubre de 2007 fue elegido gobernador de la provincia de Salta, en representación de la alianza FPV-PRS, con 45,47% de los votos, venciendo a Walter Wayar (FreJuVi) (44,68%)."
Salta,2011,URTUBEY,1,"El reelecto gobernador mantiene una relación ambivalente con la Casa Rosada, algo que atribuye a su falta ""de alineamiento automático"" y algunas diferencias como ""la política energética, la ley de medios y el tema del aborto"". Pese a esto, confirmó que ""seguramente en la semana viaje a Buenos Aires"".   Cristina Kirchner también se sumó a las felicitaciones hacia el reelecto mandatario, que en el discurso donde se oficializó como ganador dijo: ""No se eligió un delegado del Gobierno nacional, pero los salteños vamos a apoyar a la Presidente"". Salta: Urtubey fue reelecto gobernador en una votación que rozó lo histórico - Infobae "
Salta,2012,URTUBEY,1,
Salta,2013,URTUBEY,1,"De los 23 departamentos que conforman la provincia de Salta, once eligieron a 30 diputados para renovar la mitad de la Cámara baja local. Doce distritos renovaron sus senadores –con sistema de representación uninominal–, mientras que los 58 municipios escogieron a sus concejales. El oficialismo estuvo representado por el Partido Justicialista, más las listas aliadas del Frente para la Victoria y el Partido Renovador. Página/12 :: El país :: La pulseada peronista fue para Urtubey "
Salta,2014,URTUBEY,1,
Salta,2015,URTUBEY,1,Fue junto al FpV en las elecciones de 2015.
Salta,2016,URTUBEY,0,"A pesar de no alinearse formalmente con Macri, el tándem Juan Manuel Urtubey-Diego Bossio logró fracturar el bloque del Frente para la Victoria en la Cámara de Diputados, la principal fuerza parlamentaria de la oposición. El gobernador salteño y el ex titular de la Anses arrastraron al menos a una docena de diputados que fueron elegidos en las boletas del kirchnerismo y armaron su propia bancada que bautizaron Bloque Justicialista, pero que aspira a reunir una veintena con legisladores del peronismo disidente.https://www.pagina12.com.ar/diario/elpais/1-291770-2016-02-04.html "
Salta,2017,URTUBEY,0,Urtubey presentó legisladores separado de Cambiemos y perdió. Elecciones 2017: en qué provincias ganó Cambiemos y dónde dio el batacazo 
Salta,2018,URTUBEY,0,"Urtubey se acercó al presidente Mauricio Macri, para avanzar en un acuerdo por el reintegro parcial y a largo plazo del 15% que retiene la Nación en la coparticipación nacional de Salta. https://web.archive.org/web/20180224173727/https://www.elintransigente.com/salta/politica/2016/3/11/coparticipacion-este-devolverian-millones-salta-372682.html "
Salta,2019,URTUBEY,0,"En las elecciones presidenciales 2019, se postuló como candidato a vicepresidente de Roberto Lavagna en el espacio Consenso Federal,[21]​ tras la desintegración de Alternativa Federal, espacio del ""centro"" político argentino que lo tenía como uno de sus referentes Hubo acuerdo y Roberto Lavagna llevará como candidato a vicepresidente a Juan Manuel Urtubey "
Salta,2020,SAENZ,0,"Asumió como gobernador Gustavo Sáenz, un peronista dissidente que había recibido apoyos tanto de Massa (Frente Renovador) como de sectores de PRO Salta.  Gustavo Sáenz concurrió como candidato a gobernador en un frente político con el partido Propuesta Republicana, Partido Fe (que en las elecciones presidenciales sostuvieron a Mauricio Macri como candidato presidencial). https://www.letrap.com.ar/nota/2017-6-9-20-12-0-saenz-de-la-formula-con-massa-en-2015-a-la-alianza-provincial-con-el-pro No se alineó porque asumió Alberto Fernández "
Salta,2021,SAENZ,0,
Salta,2022,SAENZ,0,
Salta,2023,SAENZ,0,
San Juan,2010,GIOJA,1,"Gioja fue un puntal del kirchnerismo en el interior (presidió el PJ nacional tras 2010) y la provincia aparece alineada en 2009, 2011 y 2013. En 2015, asumió Sergio Uñac (PJ) continuando esa línea oficialista y apoyando a Scioli.  "
San Juan,2011,GIOJA,1,
San Juan,2012,GIOJA,1,
San Juan,2013,GIOJA,1,
San Juan,2014,GIOJA,1,
San Juan,2015,GIOJA,1,
San Juan,2016,UÑAC,0,"Durante el gobierno de Macri, Uñac mantuvo un perfil dialoguista pero sin adherir a Cambiemos; en 2017 San Juan no estuvo alineada con la coalición gobernante. De hecho, Macri buscó atraer a Uñac sin éxito completo. Ya en 2019, Uñac se encolumnó claramente detrás del Frente de Todos – fue uno de los 15 gobernadores que fotografiaron su apoyo a Alberto Fernández"
San Juan,2017,UÑAC,0,
San Juan,2018,UÑAC,0,
San Juan,2019,UÑAC,0,
San Juan,2020,UÑAC,1,"Tras el triunfo de Fernández, San Juan volvió a alinearse con la Casa Rosada (1 en 2019). En 2021, Uñac siguió formando parte del Frente de Todos, que perdió las elecciones de medio término frente a Juntos por el Cambio a nivel nacional"
San Juan,2021,UÑAC,1,
San Juan,2022,UÑAC,1,
San Juan,2023,UÑAC,1,
San Luis,2010,RODRIGUEZ SAA,0,"Durante estos años, San Luis se mantuvo fuera del Frente para la Victoria. Tanto con Alberto Rodríguez Saá como con Claudio Poggi, Compromiso Federal se presentó como una alternativa al kirchnerismo."
San Luis,2011,RODRIGUEZ SAA,0,"Alberto R. Saá incluso compitió como candidato presidencial opositor en 2011 por el frente Compromiso Federal, separado del FPV"
San Luis,2012,POGGI,0,"En 2015, gobernaba Claudio Poggi (aliado de los Saá bajo Compromiso Federal); este espacio no apoyó a Scioli ni a Macri formalmente (presentó candidato propio en primarias y luego Poggi acompañó a Mauricio Macri solo en balotaje). Al ganar Cambiemos, San Luis igualmente quedó fuera de dicha alianza."
San Luis,2013,POGGI,0,
San Luis,2014,POGGI,0,
San Luis,2015,POGGI,0,
San Luis,2016,RODRIGUEZ SAA,0,"En 2017, volvió Alberto Rodríguez Saá al poder provincial. Si bien ese año Cambiemos logró un triunfo legislativo histórico en San Luis, Rodríguez Saá siguió identificándose como opositor a Macri. La provincia permaneció no alineada en 2017. Sin embargo, tras ese revés electoral, Alberto R. Saá acercó posiciones con Cristina Kirchner."
San Luis,2017,RODRIGUEZ SAA,0,
San Luis,2018,RODRIGUEZ SAA,0,"Desde 2018-2019 se consolida su regreso al peronismo nacional. En 2019, su espacio se integra al Frente de Todos. En las elecciones presidenciales, acompaña la fórmula Fernández–Fernández.
"
San Luis,2019,RODRIGUEZ SAA,0,
San Luis,2020,RODRIGUEZ SAA,1,"En 2019 se sumó al Frente de Todos – asistió a actos con Alberto Fernández y firmó la unidad del PJ local con el kirchnerismo. Por ello, con la victoria de Fernández, San Luis se considera alineada. En 2021, San Luis continuó bajo el gobierno de R. Saá dentro del Frente de Todos, el cual perdió la elección nacional de medio término."
San Luis,2021,RODRIGUEZ SAA,1,
San Luis,2022,RODRIGUEZ SAA,1,
San Luis,2023,RODRIGUEZ SAA,1,
Santa Cruz,2010,PERALTA,1,"Provincia emblemática del kirchnerismo, Santa Cruz tuvo un quiebre político en 2011. Bajo los gobernadores Carlos Sancho (2007) y luego Daniel Peralta (PJ-FPV, 2007–2015), Santa Cruz inicialmente acompañó sin fisuras al gobierno nacional (alineada en 2007 y 2009). No obstante, Peralta tuvo serias desavenencias con Cristina Kirchner a partir de 2010–2011: en las elecciones 2011 decidió apoyar listas propias y fue expulsado del esquema del FPV La ruptura con el kirchnerismo en Santa Cruz, entre ellos con la agrupación política La Cámpora, de mayor confrontación con Peralta, y desde donde se denunció públicamente a través de un comunicado titulado “Hacete Cargo”"
Santa Cruz,2011,PERALTA,0,
Santa Cruz,2012,PERALTA,0,
Santa Cruz,2013,PERALTA,0,"""Vamos a trabajar para afianzar nuestro proyecto provincial y acompañar a Sergio Massa a nivel nacional"", afirmó Peralta ante ministros de su gobierno, secretarios de Estado, presidentes de entes y subsecretarios, con la finalidad de analizar los resultados de los pasados comicios. Pensando en las elecciones legislativas del 27 de octubre próximo, aunque con la mira puesta también en las presidenciales de 2015, Peralta -quien mantuvo este martes una charla telefónica con Massa- se reuniría la semana que viene con el intendente de Tigre en Buenos Aires. Daniel Peralta, el primer gobernador que ya se encolumnó con Sergio Massa "
Santa Cruz,2014,PERALTA,0,
Santa Cruz,2015,PERALTA,0,"Para 2015, el FPV presentó como candidata a gobernadora a Alicia Kirchner (hermana de Néstor), mientras Peralta buscó reelección por fuera. Alicia Kirchner triunfó en la provincia, pero a nivel nacional ganó Macri. "
Santa Cruz,2016,KIRCHNER,0,"Desde diciembre de 2015 gobierna Alicia Kirchner (Frente de Todos); durante el periodo macrista Santa Cruz estuvo en abierta oposición. En 2017 la provincia no se alineó con Cambiemos tampoco. En 2019, Alicia K. fue una de las figuras del Frente de Todos y celebró el retorno peronista: Santa Cruz se alineó con la fórmula Fernández-Fernández ganadora "
Santa Cruz,2017,KIRCHNER,0,
Santa Cruz,2018,KIRCHNER,0,
Santa Cruz,2019,KIRCHNER,0,
Santa Cruz,2020,KIRCHNER,1,"Con el regreso del peronismo en 2019, Alicia se alinea plenamente con el gobierno de Alberto Fernández."
Santa Cruz,2021,KIRCHNER,1,
Santa Cruz,2022,KIRCHNER,1,
Santa Cruz,2023,KIRCHNER,1,
Santa Fe,2010,BINNER,0,"Entre 2007 y 2019 Santa Fe fue gobernada por el Frente Progresista (socialistas y aliados radicales), opositor tanto al PJ kirchnerista como al PRO macrista. Hermes Binner, Antonio Bonfatti y Miguel Lifschitz – sucesivos gobernadores socialistas – mantuvieron a Santa Fe fuera del alineamiento con el gobierno nacional. Por ejemplo, Binner compitió aparte en 2011 (Frente Amplio Progresista) obteniendo el 17% de los votos nacionales. En 2015, el socialismo santafesino apoyó la candidatura de Margarita Stolbizer (alianza Progresistas), y Lifschitz ganó la gobernación sin adherir ni a Scioli ni a Macri. Al imponerse Macri, Santa Fe continuó sin alinearse. En 2017, Lifschitz mantuvo la “tercera vía” en la provincia (boleta propia del Frente Progresista, separada de Cambiemos y Unidad Ciudadana), confirmando la falta de alineamiento con el gobierno nacional Cambiemos. "
Santa Fe,2011,BINNER,0,
Santa Fe,2012,BONFATTI,0,
Santa Fe,2013,BONFATTI,0,
Santa Fe,2014,BONFATTI,0,
Santa Fe,2015,BONFATTI,0,
Santa Fe,2016,LIFSCHITZ,0,
Santa Fe,2017,LIFSCHITZ,0,
Santa Fe,2018,LIFSCHITZ,0,
Santa Fe,2019,LIFSCHITZ,0,
Santa Fe,2020,PEROTTI,1,"En 2019 hubo un cambio de signo en Santa Fe: el peronista Omar Perotti ganó la gobernación, adhiriendo luego al Frente de Todos de Alberto Fernández. Formalmente alineado con el gobierno nacional, aunque con un perfil moderado y tensiones con el kirchnerismo santafesino (especialmente con Rossi)."
Santa Fe,2021,PEROTTI,1,
Santa Fe,2022,PEROTTI,1,
Santa Fe,2023,PEROTTI,1,
Santiago del Estero,2010,ZAMORA,1,"Zamora lidera un frente provincial aliado al Frente para la Victoria. Fue uno de los gobernadores radicales K más alineados con Cristina Fernández de Kirchner. y su sucesora Claudia Ledesma Abdala mantuvieron a la provincia consistentemente alineada con el gobierno nacional del FPV en 2007, 2009, 2011 y 2013"
Santiago del Estero,2011,ZAMORA,1,
Santiago del Estero,2012,ZAMORA,1,
Santiago del Estero,2013,ZAMORA,1,
Santiago del Estero,2014,ABDALA DE ZAMORA,1,
Santiago del Estero,2015,ABDALA DE ZAMORA,1,
Santiago del Estero,2016,ABDALA DE ZAMORA,0,"En 2015, Ledesma Abdala apoyó la fórmula Scioli-FPV; sin embargo, la ganadora nacional fue Cambiemos, alianza a la cual el Frente Cívico santiagueño no pertenecía."
Santiago del Estero,2017,ABDALA DE ZAMORA,0,
Santiago del Estero,2018,ZAMORA,0,
Santiago del Estero,2019,ZAMORA,0,
Santiago del Estero,2020,ZAMORA,1," En 2019, Zamora apoyó firmemente al Frente de Todos – participó en la reunión de gobernadores pro-Alberto F.– e incluso ganó adelantadamente su reelección provincial en alianza con el justicialismo local. Con Alberto Fernández como presidente, Santiago se consideró alineada nuevamente. En 2021, Zamora (integrado al Frente de Todos) arrasó en su elección provincial concurrente"
Santiago del Estero,2021,ZAMORA,1,
Santiago del Estero,2022,ZAMORA,1,
Santiago del Estero,2023,ZAMORA,1,
Tierra del Fuego,2010,RIOS,0,"En las elecciones de 2007 va por fuera del FpV porque compite contra ellos. Ríos, originalmente electa en 2007 con el ARI, rompe con Elisa Carrió y forma su propio partido (PSP). No integró formalmente el Frente para la Victoria, aunque tuvo una relación de colaboración puntual con el kirchnerismo. Fabiana Ríos: ""No estoy ni estaré jamás alineada al kirchnerismo""
La gobernadora de Tierra del Fuego negó haber sido cooptada por el Gobierno y aseguró el oficialismo ""no contiene ni expresa"" sus ideas políticas. Además, dijo que su ruptura con Carrió ""no tiene retorno"" Fabiana Ríos: ""No estoy ni estaré jamás alineada al kirchnerismo"" - Infobae "
Tierra del Fuego,2011,RIOS,0,"Ríos descartó que en las proyecciones del Partido Social Patagónico, que encabeza como la principal referente, haya lugar para alianzas, con miras a las elecciones nacionales de octubre del 2011, con el oficialismo o con su par santafesino, el socialista Hermes Binner. El 3 de julio de 2011 Ríos fue reelegida como Gobernadora de Tierra del Fuego para el período 2011-2015, tras imponerse en segunda vuelta a la candidata del Frente para la Victoria Rosana Bertone por el ajustado porcentaje de 50,2% frente a 48,8% Ríos afianza intenciones de reelección y negó ser candidata del kirchnerismo "
Tierra del Fuego,2012,RIOS,0,No encuentro datos de Ríos en las elecciones legislativas de 2013.
Tierra del Fuego,2013,RIOS,0,
Tierra del Fuego,2014,RIOS,0,
Tierra del Fuego,2015,RIOS,0,"La gobernadora saliente, Fabiana Ríos, del Partido Social Patagónico (PSP), no podía presentarse a la reelección debido a que ya estaba cumpliendo su segundo mandato en el cargo, y la constitución solo habilita la reelección del gobernador incumbente por un período consecutivo. El candidato oficialista fue el vicegobernador Roberto Crocianelli, quien solo había ejercido una mandato en su cargo (2011-2015) y por tanto podía presentarse. El Frente para la Victoria (FpV), oficialista a nivel nacional y principal fuerza opositora en el ámbito provincial, presentó por segunda vez a Rosana Bertone, que había perdido las elecciones de 2011 contra Ríos. "
Tierra del Fuego,2016,BERTONE,0," La candidata a gobernadora de Tierra del Fuego por el Frente para la Victoria, Rosana Bertone, se impuso en la segunda vuelta de las elecciones de Tierra del Fuego por casi 4 puntos sobre el postulante radical Federico Sciurano, de UNIR-TDF, con el 70 por ciento de las mesas escrutadas. La kirchnerista Rosana Bertone resultó electa gobernadora de Tierra del Fuego - Últimas Noticias: El Chubut. La lucha por la sucesión en la gobernación se dio entre dos kirchneristas, ambos alineados a nación. Hay paridad en los sondeos entre la coalición que lidera la gobernadora Bertone y su principal adversario, el intendente K de Río Grande, Gustavo Melella; el candidato de Cambiemos, Juan ""Pipo"" Rodríguez se ubicaría muy rezagado. https://www.infobae.com/politica/2019/06/15/dos-formulas-kirchneristas-se-disputan-la-gobernacion-de-tierra-del-fuego-en-una-eleccion-polarizada-con-final-incierto/ "
Tierra del Fuego,2017,BERTONE,0,
Tierra del Fuego,2018,BERTONE,0,
Tierra del Fuego,2019,BERTONE,0,
Tierra del Fuego,2020,MELELLA,1,Melella llegó al poder a partir de una fórmula de FpV. el gobernador electo de Tierra del Fuego Gustavo Melella expresó su apoyo por la fórmula Fernández-Fernández a pesar de que llevarán¿ boleta corta.
Tierra del Fuego,2021,MELELLA,1,
Tierra del Fuego,2022,MELELLA,1,"Gustavo Melella, gobernador de Tierra del Fuego: “El que conduce el país es Alberto Fernández"". El mandatario se encolumnó detrás del Presidente en medio de la interna del Frente de Todos. En una entrevista con Infobae, apoyó además la intención reeleccionista del jefe de Estado Gustavo Melella, gobernador de Tierra del Fuego: “El que conduce el país es Alberto Fernández” - Infobae "
Tierra del Fuego,2023,MELELLA,1,"Melella consiguió la reelección con la alianza Unidos Hacemos Futuro, un armado electoral que supo construir en tan solo cuatro años de gestión y que reunió el respaldo de intendentes de La Cámpora y lleva como primer candidato a legislador al radical Federico Sciurano, que fue parte de la ruptura de Juntos por el Cambio en tierra fueguina hace solo dos meses.  La conformación de Unidos Hacemos Futuro significa la confirmación del unánime alineamiento dentro del campo nacional y popular de los cuatro poderes ejecutivos y la continuidad de políticas que apuestan tanto en la administración provincial como en las gestiones municipales https://www.notitdf.com/unidos-hacemos-futuro-el-frente-electoral-de-melella-vuoto-perez-y-harrington/ "
Tucumán,2010,ALPEROVICH,1,"Alperovich fue uno de los gobernadores más firmemente alineados con el kirchnerismo. Compartió boleta con CFK en 2007 y 2011, y controló una estructura provincial estrechamente integrada al Frente para la Victoria. La historia de la alianza entre Alperovich y el kirchnerismo | Noticias.  En las legislativas de 2013 la lista oficialista del Frente para la Victoria (FpV) obtuvo en las elecciones generales del domingo los 30.000 votos más que el gobernador, José Alperovich, les pedí­a a sus seguidores, para sumarle esta cifra a los 368.837 obtenidos en las PASO del 11 de agosto en la provincia. Los estrategas del armado polí­tico que llevó a Juan Manzur y a Osvaldo Jaldo a ser electos diputados nacionales consideraban, a priori, que con esos números les alcanzarí­a para repetir el 3 a 1 de hace cuatro aí±os, y la camporista Mabel Carrizo también llegarí­a al Congreso. En parte, el objetivo se cumplió con creces: la lista alperovichista «Celeste y blanca-K» reunió un total de 411.863 adhesiones.

"
Tucumán,2011,ALPEROVICH,1,
Tucumán,2012,ALPEROVICH,1,
Tucumán,2013,ALPEROVICH,1,
Tucumán,2014,ALPEROVICH,1,
Tucumán,2015,ALPEROVICH,1,"En 2015, Alperovich apoyó a Scioli y dejó el poder en manos de Juan Manzur (PJ-FPV), ex ministro de CFK. La victoria de Macri implicó que Tucumán – que no era parte de Cambiemos – quedara no alineada ese año"
Tucumán,2016,MANZUR,0,"La victoria de Macri implicó que Tucumán – que no era parte de Cambiemos – quedara no alineada ese año. No obstante, Manzur rápidamente se convirtió en un actor clave de la oposición peronista: en 2017 no adhirió a Cambiemos y la provincia siguió enfrentada políticamente al gobierno central."
Tucumán,2017,MANZUR,0,
Tucumán,2018,MANZUR,0,
Tucumán,2019,MANZUR,0,
Tucumán,2020,MANZUR,1," Para 2019, Manzur fue uno de los primeros en proclamar su “absoluto apoyo a Alberto Fernández”, articulando la unidad del peronismo tucumano en el Frente de Todos. Tras el rotundo triunfo de Fernández (Fernández obtuvo 60% de los votos en Tucumán), la provincia se alineó nuevamente con la Casa Rosada en 2019. En 2021 Manzur dejó momentáneamente el cargo para ser Jefe de Gabinete de la Nación, pero tanto él como el vicegobernador Osvaldo Jaldo pertenecían al Frente de Todos."
Tucumán,2021,MANZUR,1,
Tucumán,2022,JALDO,1,
Tucumán,2023,JALDO/MANZUR,1,
